Driver,Date,Shift_ID,Start_Balance,Refill_Amount,Dispensed_Amount,End_Balance,Note
คนขับรถเบอร์ 5 - สมาน,2026-01-03,2968b5e8-2030-4650-a397-763e755db944,456.10,1580.94,1382.40,654.64,
คนขับรถเบอร์ 5 - สมาน,2026-01-04,18019279-16cd-4be5-8ef4-9556a6f23cd4,654.64,3162.45,1805.06,2012.03,
คนขับรถเบอร์ 5 - สมาน,2026-01-05,682d1276-2a1b-4ef3-89dc-3ea52ede1512,2012.03,567.35,2537.21,42.17,
คนขับรถเบอร์ 5 - สมาน,2026-01-06,05886589-2844-4f48-92fb-1038b1cc3752,42.17,1969.86,3436.96,-1424.93,
คนขับรถเบอร์ 5 - สมาน,2026-01-07,d1acf96c-276c-4d72-9083-dec92a91e5fe,-1424.93,5488.93,3619.55,444.45,
คนขับรถเบอร์ 5 - สมาน,2026-01-08,78c7fbd2-4df8-4d17-a3cb-e1f63f87edaa,444.45,2384.78,2654.59,174.64,
คนขับรถเบอร์ 5 - สมาน,2026-01-09,5a177cd7-8545-4aad-8f72-68e22d00aea9,174.64,1281.14,2611.62,-1155.84,
คนขับรถเบอร์ 5 - สมาน,2026-01-10,07692dd2-b3e2-466b-a1a8-363af6c5a05c,-1155.84,3556.22,3447.06,-1046.68,
คนขับรถเบอร์ 5 - สมาน,2026-01-11,c250d5ca-7258-475f-8f99-2adf8604524d,-1046.68,3038.35,2869.37,-877.70,
คนขับรถเบอร์ 5 - สมาน,2026-01-12,1ccd8782-ce81-49ae-ab68-4da656c0771c,-877.70,4427.55,3104.77,445.08,
คนขับรถเบอร์ 5 - สมาน,2026-01-13,eb1c6ef0-a154-4b10-bf59-92639c41681a,445.08,3234.88,3617.73,62.23,
คนขับรถเบอร์ 5 - สมาน,2026-01-14,85b584f1-523e-4143-8622-191e03be75ba,62.23,2731.71,2735.70,58.24,
คนขับรถเบอร์ 5 - สมาน,2026-01-15,bd72d505-d97d-4e8c-b22a-97a5838d4ed5,58.24,3912.64,3902.61,68.27,
คนขับรถเบอร์ 5 - สมาน,2026-01-16,518c4176-92a4-4d38-8e93-48e558335b3f,68.27,1230.74,2822.60,-1523.59,
คนขับรถเบอร์ 5 - สมาน,2026-01-17,182c3cc7-a9cf-4ca9-bdd3-ac5e3988d151,-1523.59,4517.68,2548.22,445.87,
คนขับรถเบอร์ 5 - สมาน,2026-01-18,2d8e7390-4e25-4463-adf1-b7fdc0412ab0,445.87,2685.18,3553.22,-422.17,
คนขับรถเบอร์ 5 - สมาน,2026-01-19,6d7ef24a-c541-4770-9d5f-d557c957ba99,-422.17,2259.24,2956.72,-1119.65,
คนขับรถเบอร์ 5 - สมาน,2026-01-20,24fb98a2-0af3-49d1-b5b4-471a58556887,-1119.65,4325.99,2760.47,445.87,
คนขับรถเบอร์ 5 - สมาน,2026-01-21,ec949179-92d7-42ac-8b74-42e6f3fd39f6,445.87,1635.32,3554.15,-1472.96,
คนขับรถเบอร์ 5 - สมาน,2026-01-22,74a3cf4b-1703-4780-81eb-416d8713977c,-1472.96,2520.57,2469.57,-1421.96,
คนขับรถเบอร์ 5 - สมาน,2026-01-23,6b5e798b-e067-4d5b-bc35-3e129d24836c,-1421.96,4924.88,3936.81,-433.89,
คนขับรถเบอร์ 5 - สมาน,2026-01-24,14eb571d-e398-49c5-8e15-ce18189ee219,-433.89,2723.43,2978.63,-689.09,
คนขับรถเบอร์ 5 - สมาน,2026-01-25,db4c7c95-9643-45a6-89b0-f5ec6d06f500,-689.09,2573.50,3326.34,-1441.93,
คนขับรถเบอร์ 5 - สมาน,2026-01-26,8a19e572-c4d9-4d42-acfb-fb7d53faf9c8,-1441.93,3558.57,2353.67,-237.03,
คนขับรถเบอร์ 5 - สมาน,2026-01-27,17d52379-81d2-42a5-9460-38f04eb31ea2,-237.03,0.00,385.92,-622.95,
คนขับรถเบอร์ 5 - สมาน,2026-01-28,c995f391-9fa5-41fa-be1a-bde55a2660f2,-622.95,1444.78,494.23,327.60,
คนขับรถเบอร์ 5 - สมาน,2026-01-29,fc978852-8d89-404a-97ed-8faf8c0941fe,327.60,3785.65,4052.62,60.63,
คนขับรถเบอร์ 5 - สมาน,2026-01-30,d5713181-5301-48b7-9806-6daf63c6314e,60.63,1243.74,2741.81,-1437.44,
คนขับรถเบอร์ 5 - สมาน,2026-01-31,35220b4a-f810-46ef-b214-e75152e92571,-1437.44,3089.47,2912.02,-1259.99,
คนขับรถเบอร์ 5 - สมาน,2026-02-01,a82f1582-4717-4eac-90cd-f61bc40a1a8b,-1259.99,2682.91,977.05,445.87,
คนขับรถเบอร์ 5 - สมาน,2026-02-02,9413a3db-8ed4-4f54-91ca-b8ffc8070d9d,445.87,1573.64,2995.59,-976.08,
คนขับรถเบอร์ 5 - สมาน,2026-02-03,951fc94a-c33e-471d-aa48-84cc3fbcd44e,-976.08,3241.07,3080.18,-815.19,
คนขับรถเบอร์ 5 - สมาน,2026-02-04,99100e73-2eda-41f5-aa37-713e4902f640,-815.19,2806.47,2316.09,-324.81,
คนขับรถเบอร์ 5 - สมาน,2026-02-05,3c96e98a-8433-4948-ab54-da6581432167,-324.81,3733.11,3460.74,-52.44,
คนขับรถเบอร์ 5 - สมาน,2026-02-06,d91dbba2-c139-4e27-be65-ad63d358b7e7,-52.44,1353.31,2721.23,-1420.36,
คนขับรถเบอร์ 5 - สมาน,2026-02-07,60fda93d-f2e1-4500-9ebc-3bf0a529681a,-1420.36,1865.91,2421.96,-1976.41,
คนขับรถเบอร์ 5 - สมาน,2026-02-08,aed0f584-decc-40d2-83ad-194d5074fca2,-1976.41,2804.56,2981.06,-2152.91,
คนขับรถเบอร์ 5 - สมาน,2026-02-09,bd98996f-72b7-4c76-aafb-0c89bec76ae5,-2152.91,2564.98,2403.32,-1991.25,
คนขับรถเบอร์ 5 - สมาน,2026-02-10,fe8b4e4d-dae1-4cad-aea3-12a0cc3f20e5,-1991.25,3500.76,2505.59,-996.08,
คนขับรถเบอร์ 5 - สมาน,2026-02-11,8d7dc2ee-1efd-4e2e-80f6-19e0d35f9384,-996.08,1777.69,3282.36,-2500.75,
คนขับรถเบอร์ 5 - สมาน,2026-02-12,85d2eb8c-d1aa-457e-8527-92617bbf1474,-2500.75,3070.58,3029.94,-2460.11,
คนขับรถเบอร์ 5 - สมาน,2026-02-13,a1ec9ff0-ed0b-417d-b39d-2084042041a9,-2460.11,3019.95,2596.78,-2036.94,
คนขับรถเบอร์ 5 - สมาน,2026-02-14,63848f3f-507b-4274-8cb6-8e59577d5e45,-2036.94,2660.84,2946.27,-2322.37,
คนขับรถเบอร์ 5 - สมาน,2026-02-15,7739f0d7-b5eb-4724-93d6-848e5341a7aa,-2322.37,0.00,1392.00,-,
คนขับรถเบอร์ 4 - โจ,2026-01-15,037c5f68-a630-450a-8ac1-0b8b7da98c60,1649.00,4171.00,3379.00,2441.00,
คนขับรถเบอร์ 4 - โจ,2026-01-16,54d8972b-e9c8-4250-8238-617b0ac8fa1e,2441.00,3123.00,3323.00,2241.00,
คนขับรถเบอร์ 4 - โจ,2026-01-17,fb0a4f40-2fe8-4726-8f3e-ae2f78839ce7,2241.00,2492.00,2972.00,1761.00,
คนขับรถเบอร์ 4 - โจ,2026-01-18,732a381f-b848-4372-a568-637109b5d295,1761.00,3096.00,3033.00,1824.00,
คนขับรถเบอร์ 4 - โจ,2026-01-19,d4463b95-2937-4c68-95ae-8f184ca9cd1c,1824.00,2562.86,2884.86,1502.00,
คนขับรถเบอร์ 4 - โจ,2026-01-20,ac80bb65-576d-4ac9-a0a8-556059255500,1502.00,4693.00,3885.00,2310.00,
คนขับรถเบอร์ 4 - โจ,2026-01-21,0c90cd97-12a0-4b32-9344-8a5285ea397b,2310.00,506.00,3151.00,-335.00,
คนขับรถเบอร์ 4 - โจ,2026-01-22,3b19cf38-951d-4b08-8398-0a30b6077773,-335.00,2934.00,2319.00,280.00,
คนขับรถเบอร์ 4 - โจ,2026-01-23,0e11c77d-cc3c-4eb7-bc87-fa55d19bdf86,280.00,3239.00,2957.00,562.00,
คนขับรถเบอร์ 4 - โจ,2026-01-24,cf86b2c1-54b6-437c-8e96-01e7aba76e61,562.00,3324.00,3549.00,337.00,
คนขับรถเบอร์ 4 - โจ,2026-01-25,c85650a5-0498-428a-8080-e98678882c07,337.00,3404.00,3767.00,-26.00,
คนขับรถเบอร์ 4 - โจ,2026-01-26,88e0a470-87d9-46fa-965f-b8202f6ce101,-26.00,2125.00,2651.00,-552.00,
คนขับรถเบอร์ 4 - โจ,2026-01-27,e6ed324c-d5c2-48f5-a820-99e7091718ed,-552.00,1751.00,575.00,624.00,
คนขับรถเบอร์ 4 - โจ,2026-01-28,26cee33b-60ca-42b0-8ef6-aaf20036b14a,624.00,575.00,1048.00,151.00,
คนขับรถเบอร์ 4 - โจ,2026-01-29,c6b3529e-456d-49e3-b950-430663db9ba2,151.00,2640.00,3690.00,-899.00,
คนขับรถเบอร์ 4 - โจ,2026-01-30,c5cda9b9-f484-4cba-8e7d-3c8f4572a237,-899.00,4035.00,3834.00,-698.00,
คนขับรถเบอร์ 4 - โจ,2026-01-31,849e0f99-6250-4616-a671-6f3b159997a9,-698.00,2628.00,2343.00,-413.00,
คนขับรถเบอร์ 4 - โจ,2026-02-01,9bc0ae86-ac6d-450f-94c0-529cb0544518,-413.00,2532.00,3388.39,-1269.39,
คนขับรถเบอร์ 4 - โจ,2026-02-02,4b753455-5733-4d71-a4fe-a5fc5b850993,-1269.39,4934.39,3676.00,-11.00,
คนขับรถเบอร์ 4 - โจ,2026-02-03,b22839d1-246a-4867-9255-6214b0958070,-11.00,3198.00,2890.00,297.00,
คนขับรถเบอร์ 4 - โจ,2026-02-04,f73a1328-3ce1-42e9-9f7b-9d0e4b661c26,297.00,1984.00,3266.00,-985.00,
คนขับรถเบอร์ 4 - โจ,2026-02-05,af05f3c4-af7f-4afc-8c4c-fc744fb42715,-985.00,4699.00,4196.00,-482.00,
คนขับรถเบอร์ 4 - โจ,2026-02-06,9c47f8d4-7792-410a-8683-c50ee3377366,-482.00,1953.24,2534.24,-1063.00,
คนขับรถเบอร์ 4 - โจ,2026-02-07,efbe1b48-98c5-47a2-a189-74522bc8e93d,-1063.00,4316.00,3370.00,-117.00,
คนขับรถเบอร์ 4 - โจ,2026-02-08,41fcb11e-1e40-4985-bc8b-3983c90f519b,-117.00,2109.00,2768.00,-776.00,
คนขับรถเบอร์ 4 - โจ,2026-02-09,d194517c-404f-4274-ac08-72d650c5b691,-776.00,2841.49,3509.49,-1444.00,
คนขับรถเบอร์ 4 - โจ,2026-02-10,5f7505d4-7b72-416f-87ab-78e94308b8ac,-1444.00,4429.00,3068.00,-83.00,
คนขับรถเบอร์ 4 - โจ,2026-02-11,4513ca2d-c4a0-4e2a-bd84-a14615f38e68,-83.00,2300.03,2863.03,-646.00,
คนขับรถเบอร์ 4 - โจ,2026-02-12,f1ff8b92-329d-4c3a-9e09-6085c4f35449,-646.00,4507.00,3564.00,297.00,
คนขับรถเบอร์ 4 - โจ,2026-02-13,442b1cf7-7374-4ef7-b062-55273c84fa3a,297.00,2894.00,3705.00,-514.00,
คนขับรถเบอร์ 4 - โจ,2026-02-14,6f55fb0b-f7e6-46f5-a5d8-3929d2f467b5,-514.00,4105.00,3632.00,-41.00,
คนขับรถเบอร์ 4 - โจ,2026-02-15,e328cf85-c508-4fd3-818a-f9a5b973acac,-41.00,338.00,420.00,-,
คนขับรถเบอร์ 2 - แสบ,2026-02-01,4cd42f60-8203-46de-870c-974ec3a5aa09,104.99,3909.00,3308.00,705.99,
คนขับรถเบอร์ 2 - แสบ,2026-02-02,ab53c433-652f-47d4-a9e0-d37167bb1501,705.99,3310.00,3614.00,401.99,
คนขับรถเบอร์ 2 - แสบ,2026-02-03,9de57f34-dc4c-435f-b3b0-3581c5ae9a68,401.99,2939.00,2593.00,747.99,
คนขับรถเบอร์ 2 - แสบ,2026-02-04,23654831-7605-4449-be60-ee75504ad66d,747.99,2356.00,2665.00,438.99,
คนขับรถเบอร์ 2 - แสบ,2026-02-05,679157bc-695a-4d6f-bc52-60027180ca99,438.99,3080.00,3329.00,189.99,
คนขับรถเบอร์ 2 - แสบ,2026-02-06,4a058307-faa2-47a7-ac39-6406ff5ba6d4,189.99,3915.00,3395.00,709.99,
คนขับรถเบอร์ 2 - แสบ,2026-02-07,a1ba004e-0e12-4536-b9ae-eb308dfd2189,709.99,1395.00,2784.00,-679.01,
คนขับรถเบอร์ 2 - แสบ,2026-02-08,4c129a99-7e4d-4b8c-ad8c-75460c1ba681,-679.01,1990.00,2495.00,-1184.01,
คนขับรถเบอร์ 2 - แสบ,2026-02-09,529d8d39-d477-4ad9-a073-79d3dccc4126,-1184.01,3400.00,3626.00,-1410.01,
คนขับรถเบอร์ 2 - แสบ,2026-02-10,b8937350-e589-41de-8351-7ad20c98a45d,-1410.01,3725.00,2910.00,-595.01,
คนขับรถเบอร์ 2 - แสบ,2026-02-11,401d513e-9ea1-41fb-a88a-56c5b0c259c5,-595.01,2393.45,2329.33,-530.89,
คนขับรถเบอร์ 2 - แสบ,2026-02-12,a3a42ca9-88bf-4dc3-9b98-8f708ebf4a91,-530.89,2100.51,2659.63,-1090.01,
คนขับรถเบอร์ 2 - แสบ,2026-02-13,2b2e2ff6-7c16-47e5-a087-ba91f7fe3e71,-1090.01,3548.00,3514.00,-1056.01,
คนขับรถเบอร์ 2 - แสบ,2026-02-14,ba894bca-7f0a-4613-9f96-d27464b88ec8,-1056.01,3257.04,3089.04,-777.01,
คนขับรถเบอร์ 2 - แสบ,2026-02-15,ffff0046-7331-4082-8397-1d6680e69716,-777.01,1304.00,1857.00,-,
